program,policy,runs,completed,policy_no_violations,policy_violations,median_wall_time_ms,min_wall_time_ms,max_wall_time_ms,median_client_cpu_time_ms,median_client_peak_memory_kb,paths_explored,total_instructions
a_minimal_xdp,p1_allow_execution,7,7,7,0,938.269,914.583,966.15,21.713,31548,[1],[12695]
a_minimal_xdp,p2_helper_allowlist,7,7,7,0,928.649,909.308,960.063,22.514,31708,[1],[12695]
a_minimal_xdp,p4_policy_sensitive,7,7,7,0,929.794,906.143,1099.646,22.867,31916,[1],[12695]
c_branching_maps,p1_allow_execution,7,7,0,7,936.198,917.087,974.39,22.928,31732,[1],[13127]
c_branching_maps,p2_helper_allowlist,7,7,0,7,945.26,927.792,961.339,22.325,31892,[1],[13127]
c_branching_maps,p4_policy_sensitive,7,7,0,7,942.996,928.337,967.127,22.583,31736,[1],[13127]
d_policy_sensitive,p1_allow_execution,7,7,0,7,949.905,943.729,964.886,21.514,31488,[1],[13277]
d_policy_sensitive,p2_helper_allowlist,7,7,0,7,984.492,930.462,1251.296,22.046,31356,[1],[13277]
d_policy_sensitive,p4_policy_sensitive,7,7,0,7,952.15,921.914,1039.535,22.422,31788,[1],[13277]
e_adversarial_helper,p1_allow_execution,7,7,7,0,931.488,911.811,957.94,22.34,31428,[1],[12712]
e_adversarial_helper,p2_helper_allowlist,7,7,7,0,940.185,914.877,986.586,21.962,30208,[1],[12712]
e_adversarial_helper,p4_policy_sensitive,7,7,7,0,937.706,930.48,954.194,22.01,32000,[1],[12712]
