program_id,category,role,target_paths,symbolic_median_ms,symbolic_mean_ms,symbolic_std_ms,hybrid_median_ms,hybrid_mean_ms,hybrid_std_ms,delta_median_ms,ratio,savings_pct,paired_diff_mean_ms,ci95_lower_ms,ci95_upper_ms,fallback_invoked,verdict,reference_verdict,correctness_verified
a1,A,Provable Compliant,1,682.777,682.51,8.158,34.072,37.5,5.956,-648.705,0.0499,95.01,-645.01,-654.399,-635.621,False,COMPLIANT,COMPLIANT,True
a2,A,Provable Compliant,1,677.936,679.014,8.423,39.152,38.537,3.268,-638.784,0.0578,94.22,-640.478,-648.97,-631.985,False,COMPLIANT,COMPLIANT,True
a3,A,Provable Compliant,1,684.286,686.139,4.81,34.102,38.047,6.038,-650.184,0.0498,95.02,-648.092,-656.071,-640.112,False,COMPLIANT,COMPLIANT,True
a4,A,Provable Compliant,1,687.365,687.925,6.876,36.561,37.829,3.561,-650.804,0.0532,94.68,-650.096,-659.538,-640.654,False,COMPLIANT,COMPLIANT,True
a5,A,Provable Compliant,1,685.427,685.913,5.58,39.085,37.478,3.45,-646.342,0.057,94.3,-648.434,-655.595,-641.274,False,COMPLIANT,COMPLIANT,True
a6,A,Provable Compliant,1,684.438,688.92,10.164,38.517,39.114,5.4,-645.921,0.0563,94.37,-649.806,-663.007,-636.605,False,COMPLIANT,COMPLIANT,True
b1,B,Uncertain Compliant,2,694.89,694.515,6.729,728.417,733.031,10.82,33.527,1.0482,-4.82,38.516,25.034,51.998,True,COMPLIANT,COMPLIANT,True
b2,B,Uncertain Compliant,2,702.746,704.308,9.739,723.862,728.087,11.231,21.116,1.03,-3.0,23.779,9.222,38.335,True,COMPLIANT,COMPLIANT,True
b3,B,Uncertain Compliant,4,710.806,717.864,19.627,751.516,754.565,5.206,40.71,1.0573,-5.73,36.701,15.667,57.735,True,COMPLIANT,COMPLIANT,True
b4,B,Uncertain Compliant,8,743.864,741.363,8.945,779.982,783.159,19.929,36.118,1.0486,-4.86,41.795,19.955,63.635,True,COMPLIANT,COMPLIANT,True
b5,B,Uncertain Compliant,16,807.457,806.291,15.654,833.542,830.609,12.915,26.085,1.0323,-3.23,24.318,13.744,34.892,True,COMPLIANT,COMPLIANT,True
b6,B,Uncertain Compliant,32,902.054,901.021,10.486,953.489,952.678,8.624,51.435,1.057,-5.7,51.656,41.041,62.272,True,COMPLIANT,COMPLIANT,True
c1,C,Provable Violation,1,679.16,676.955,12.038,40.1,40.291,5.67,-639.06,0.059,94.1,-636.664,-651.694,-621.635,False,POLICY VIOLATION,POLICY VIOLATION,True
c2,C,Provable Violation,1,679.526,681.989,12.189,36.632,37.653,5.145,-642.894,0.0539,94.61,-644.337,-658.175,-630.498,False,POLICY VIOLATION,POLICY VIOLATION,True
c3,C,Provable Violation,1,680.646,682.3,10.886,39.317,39.995,4.522,-641.329,0.0578,94.22,-642.305,-654.082,-630.528,False,POLICY VIOLATION,POLICY VIOLATION,True
c4,C,Provable Violation,1,693.171,696.436,13.055,39.785,39.731,4.974,-653.386,0.0574,94.26,-656.704,-669.221,-644.187,False,POLICY VIOLATION,POLICY VIOLATION,True
c5,C,Provable Violation,1,686.388,690.291,5.836,40.779,39.417,3.097,-645.609,0.0594,94.06,-650.874,-658.308,-643.44,False,POLICY VIOLATION,POLICY VIOLATION,True
c6,C,Provable Violation,1,693.664,691.364,9.641,36.447,38.586,4.486,-657.217,0.0525,94.75,-652.778,-662.867,-642.69,False,POLICY VIOLATION,POLICY VIOLATION,True
d1,D,Symbolic Violation,2,702.62,701.824,8.908,735.668,738.031,8.107,33.048,1.047,-4.7,36.207,24.029,48.384,True,POLICY VIOLATION,POLICY VIOLATION,True
d2,D,Symbolic Violation,2,696.949,700.812,10.517,733.197,752.026,57.301,36.248,1.052,-5.2,51.214,-7.311,109.739,True,POLICY VIOLATION,POLICY VIOLATION,True
d3,D,Symbolic Violation,4,702.796,698.419,7.842,737.333,738.442,11.906,34.537,1.0491,-4.91,40.023,24.882,55.164,True,POLICY VIOLATION,POLICY VIOLATION,True
d4,D,Symbolic Violation,8,699.299,700.345,9.442,736.111,750.889,36.1,36.812,1.0526,-5.26,50.544,19.383,81.705,True,POLICY VIOLATION,POLICY VIOLATION,True
d5,D,Symbolic Violation,16,697.204,701.469,27.23,731.927,736.352,10.517,34.723,1.0498,-4.98,34.883,16.554,53.211,True,POLICY VIOLATION,POLICY VIOLATION,True
d6,D,Symbolic Violation,32,702.695,698.601,9.035,740.815,743.168,13.485,38.12,1.0542,-5.42,44.567,29.607,59.526,True,POLICY VIOLATION,POLICY VIOLATION,True
