run_id,program_id,slug,warmup_or_measured,block_number,repeat_number,predicate_count,target_paths,source_sha256,object_sha256,policy_sha256,krakenguard_commit,compiler,compiler_version,kernel_version,architecture,instruction_count,basic_blocks,branches,loops,helpers,maps,krakenguard_request_id,execution_status,verifier_result,policy_result,passed,wall_time_us,cpu_time_us,klee_paths_explored,klee_completed_paths,klee_partially_completed_paths,klee_total_instructions,klee_total_queries,klee_valid_queries,klee_invalid_queries,klee_query_cex,peak_memory_bytes,solver_time_us
e2-e2-p0-b01-w01,E2-P0,e2_p0,warmup,1,1,0,1,a9a61038d06eec2e772a5f99b56f745bb2d912477279b3c56f7566776e74e5f6,a74538bd85bf8a8787a4ff2ca7e214f12cc3c9f3d485ac671b4442b0b1f254c4,270403272d736ae7aee2ceda3bf8d088b6ac0cb476bb99ce0218dd8f33c3c603,e7bd84005b304c5a10efcdb04914d1882b3cccf7,clang,22.1.8,7.2.3-arch1-2,x86_64,7,2,1,0,1,0,0ec692e7-929a-453e-b79d-77bf59807c7e,success,VERIFIED,COMPLIANT,True,823602,600,1,1,0,12720,1,0,1,1,NOT_REPORTED,NOT_REPORTED
e2-e2-p1-b01-w01,E2-P1,e2_p1,warmup,1,1,1,2,42fc30b23b3bde2b8d8def09e272614e5395ae06089e2a76d3c71454b054fe45,ddf1f85f096ad8a5e0def6acf68a46423a55ad26b3672b42e213749175de6acd,270403272d736ae7aee2ceda3bf8d088b6ac0cb476bb99ce0218dd8f33c3c603,e7bd84005b304c5a10efcdb04914d1882b3cccf7,clang,22.1.8,7.2.3-arch1-2,x86_64,13,3,2,0,1,0,a5e535dc-de48-40fe-908c-0b43e99a8866,success,VERIFIED,COMPLIANT,True,753494,727,2,2,0,12809,2,0,2,2,NOT_REPORTED,NOT_REPORTED
e2-e2-p2-b01-w01,E2-P2,e2_p2,warmup,1,1,2,4,b165f632362c002733ee0ba5bf7ab3f613958eaab352c7a536a6666739929136,1f27fe0f82b2038519dcb4744803e59ae36e36615640b6fa4d8f8196a9e9f95a,270403272d736ae7aee2ceda3bf8d088b6ac0cb476bb99ce0218dd8f33c3c603,e7bd84005b304c5a10efcdb04914d1882b3cccf7,clang,22.1.8,7.2.3-arch1-2,x86_64,19,4,3,0,1,0,327ab047-efe9-483d-9fa3-bf648819f416,success,VERIFIED,COMPLIANT,True,768580,557,4,4,0,12989,4,0,4,4,NOT_REPORTED,NOT_REPORTED
e2-e2-p3-b01-w01,E2-P3,e2_p3,warmup,1,1,3,8,0335d5d74c03039a42cf426b9e496e4d77dbc346006e9896cb9ec9af102544e4,00929a589a7abe3850d7cc63f4fceb697d272ca9e14d86b96044b85a114ef8af,270403272d736ae7aee2ceda3bf8d088b6ac0cb476bb99ce0218dd8f33c3c603,e7bd84005b304c5a10efcdb04914d1882b3cccf7,clang,22.1.8,7.2.3-arch1-2,x86_64,25,5,4,0,1,0,2b93b6f7-c7f1-4982-b551-eb2f69828e70,success,VERIFIED,COMPLIANT,True,862726,624,8,8,0,13349,8,0,8,8,NOT_REPORTED,NOT_REPORTED
e2-e2-p4-b01-w01,E2-P4,e2_p4,warmup,1,1,4,16,4716cfcbe8326c33710f5b9b758972f272ab04a1e143e07a41194c615a58e943,cac016e08e67dbc3874d9cbabf16fb282e82abc1d61c13e83c36e42d643b9b9f,270403272d736ae7aee2ceda3bf8d088b6ac0cb476bb99ce0218dd8f33c3c603,e7bd84005b304c5a10efcdb04914d1882b3cccf7,clang,22.1.8,7.2.3-arch1-2,x86_64,31,6,5,0,1,0,14ca9feb-473c-46ba-892e-62f668430684,success,VERIFIED,COMPLIANT,True,837639,500,16,16,0,14069,16,0,16,16,NOT_REPORTED,NOT_REPORTED
e2-e2-p5-b01-w01,E2-P5,e2_p5,warmup,1,1,5,32,556257151e0a526ae9901c970cd6a3f7eaf8ead83460058cb36855b61aa96556,6f268f443928590b41fc9e3fa71157f9f8ad0995b48f34f719f49179d7131113,270403272d736ae7aee2ceda3bf8d088b6ac0cb476bb99ce0218dd8f33c3c603,e7bd84005b304c5a10efcdb04914d1882b3cccf7,clang,22.1.8,7.2.3-arch1-2,x86_64,37,7,6,0,1,0,620ded09-1fb8-4a90-8904-5677db1d3c89,success,VERIFIED,COMPLIANT,True,972764,694,32,32,0,15509,32,0,32,32,NOT_REPORTED,NOT_REPORTED
e2-e2-p6-b01-w01,E2-P6,e2_p6,warmup,1,1,6,64,1a5d85c255421eff68e9c68e18208fc1e04cd2e526d491f22f38116d3b1e89e9,97d7c89c6532334405e452c9c787bf21e67bb014ee9ea8131793a0b5017fa700,270403272d736ae7aee2ceda3bf8d088b6ac0cb476bb99ce0218dd8f33c3c603,e7bd84005b304c5a10efcdb04914d1882b3cccf7,clang,22.1.8,7.2.3-arch1-2,x86_64,43,8,7,0,1,0,136f3b9e-0829-4a85-bd1d-6ffbb08b01dc,success,VERIFIED,COMPLIANT,True,1224007,527,64,64,0,18389,64,0,64,64,NOT_REPORTED,NOT_REPORTED
e2-e2-p0-b02-w02,E2-P0,e2_p0,warmup,2,2,0,1,a9a61038d06eec2e772a5f99b56f745bb2d912477279b3c56f7566776e74e5f6,a74538bd85bf8a8787a4ff2ca7e214f12cc3c9f3d485ac671b4442b0b1f254c4,270403272d736ae7aee2ceda3bf8d088b6ac0cb476bb99ce0218dd8f33c3c603,e7bd84005b304c5a10efcdb04914d1882b3cccf7,clang,22.1.8,7.2.3-arch1-2,x86_64,7,2,1,0,1,0,188b5ac5-3478-47d5-aef9-195dc8eca062,success,VERIFIED,COMPLIANT,True,740708,604,1,1,0,12720,1,0,1,1,NOT_REPORTED,NOT_REPORTED
e2-e2-p1-b02-w02,E2-P1,e2_p1,warmup,2,2,1,2,42fc30b23b3bde2b8d8def09e272614e5395ae06089e2a76d3c71454b054fe45,ddf1f85f096ad8a5e0def6acf68a46423a55ad26b3672b42e213749175de6acd,270403272d736ae7aee2ceda3bf8d088b6ac0cb476bb99ce0218dd8f33c3c603,e7bd84005b304c5a10efcdb04914d1882b3cccf7,clang,22.1.8,7.2.3-arch1-2,x86_64,13,3,2,0,1,0,cd504dc7-39de-4921-af7a-ba679325f0bf,success,VERIFIED,COMPLIANT,True,747749,603,2,2,0,12809,2,0,2,2,NOT_REPORTED,NOT_REPORTED
e2-e2-p2-b02-w02,E2-P2,e2_p2,warmup,2,2,2,4,b165f632362c002733ee0ba5bf7ab3f613958eaab352c7a536a6666739929136,1f27fe0f82b2038519dcb4744803e59ae36e36615640b6fa4d8f8196a9e9f95a,270403272d736ae7aee2ceda3bf8d088b6ac0cb476bb99ce0218dd8f33c3c603,e7bd84005b304c5a10efcdb04914d1882b3cccf7,clang,22.1.8,7.2.3-arch1-2,x86_64,19,4,3,0,1,0,62359213-d440-4a69-aa52-8d0d16b73f7a,success,VERIFIED,COMPLIANT,True,775846,516,4,4,0,12989,4,0,4,4,NOT_REPORTED,NOT_REPORTED
e2-e2-p3-b02-w02,E2-P3,e2_p3,warmup,2,2,3,8,0335d5d74c03039a42cf426b9e496e4d77dbc346006e9896cb9ec9af102544e4,00929a589a7abe3850d7cc63f4fceb697d272ca9e14d86b96044b85a114ef8af,270403272d736ae7aee2ceda3bf8d088b6ac0cb476bb99ce0218dd8f33c3c603,e7bd84005b304c5a10efcdb04914d1882b3cccf7,clang,22.1.8,7.2.3-arch1-2,x86_64,25,5,4,0,1,0,84228d75-c21d-4625-8497-d2f7146993e4,success,VERIFIED,COMPLIANT,True,816219,585,8,8,0,13349,8,0,8,8,NOT_REPORTED,NOT_REPORTED
e2-e2-p4-b02-w02,E2-P4,e2_p4,warmup,2,2,4,16,4716cfcbe8326c33710f5b9b758972f272ab04a1e143e07a41194c615a58e943,cac016e08e67dbc3874d9cbabf16fb282e82abc1d61c13e83c36e42d643b9b9f,270403272d736ae7aee2ceda3bf8d088b6ac0cb476bb99ce0218dd8f33c3c603,e7bd84005b304c5a10efcdb04914d1882b3cccf7,clang,22.1.8,7.2.3-arch1-2,x86_64,31,6,5,0,1,0,68ea81c9-0cdb-4c70-8f28-b4b5a3b8c651,success,VERIFIED,COMPLIANT,True,857715,665,16,16,0,14069,16,0,16,16,NOT_REPORTED,NOT_REPORTED
e2-e2-p5-b02-w02,E2-P5,e2_p5,warmup,2,2,5,32,556257151e0a526ae9901c970cd6a3f7eaf8ead83460058cb36855b61aa96556,6f268f443928590b41fc9e3fa71157f9f8ad0995b48f34f719f49179d7131113,270403272d736ae7aee2ceda3bf8d088b6ac0cb476bb99ce0218dd8f33c3c603,e7bd84005b304c5a10efcdb04914d1882b3cccf7,clang,22.1.8,7.2.3-arch1-2,x86_64,37,7,6,0,1,0,77a3f9f1-4e16-47c7-a2c7-ebe89df2c261,success,VERIFIED,COMPLIANT,True,977352,628,32,32,0,15509,32,0,32,32,NOT_REPORTED,NOT_REPORTED
e2-e2-p6-b02-w02,E2-P6,e2_p6,warmup,2,2,6,64,1a5d85c255421eff68e9c68e18208fc1e04cd2e526d491f22f38116d3b1e89e9,97d7c89c6532334405e452c9c787bf21e67bb014ee9ea8131793a0b5017fa700,270403272d736ae7aee2ceda3bf8d088b6ac0cb476bb99ce0218dd8f33c3c603,e7bd84005b304c5a10efcdb04914d1882b3cccf7,clang,22.1.8,7.2.3-arch1-2,x86_64,43,8,7,0,1,0,3bdbcd4b-6544-4ef5-b65d-493e7f85d3f4,success,VERIFIED,COMPLIANT,True,1251767,550,64,64,0,18389,64,0,64,64,NOT_REPORTED,NOT_REPORTED
e2-e2-p0-b01-m01,E2-P0,e2_p0,measured,1,1,0,1,a9a61038d06eec2e772a5f99b56f745bb2d912477279b3c56f7566776e74e5f6,a74538bd85bf8a8787a4ff2ca7e214f12cc3c9f3d485ac671b4442b0b1f254c4,270403272d736ae7aee2ceda3bf8d088b6ac0cb476bb99ce0218dd8f33c3c603,e7bd84005b304c5a10efcdb04914d1882b3cccf7,clang,22.1.8,7.2.3-arch1-2,x86_64,7,2,1,0,1,0,ab20d5a0-7858-4e64-8d19-b3fe88a481c8,success,VERIFIED,COMPLIANT,True,750894,441,1,1,0,12720,1,0,1,1,NOT_REPORTED,NOT_REPORTED
e2-e2-p1-b01-m01,E2-P1,e2_p1,measured,1,1,1,2,42fc30b23b3bde2b8d8def09e272614e5395ae06089e2a76d3c71454b054fe45,ddf1f85f096ad8a5e0def6acf68a46423a55ad26b3672b42e213749175de6acd,270403272d736ae7aee2ceda3bf8d088b6ac0cb476bb99ce0218dd8f33c3c603,e7bd84005b304c5a10efcdb04914d1882b3cccf7,clang,22.1.8,7.2.3-arch1-2,x86_64,13,3,2,0,1,0,254985e0-60f5-45d4-9d53-38819909dac0,success,VERIFIED,COMPLIANT,True,783978,593,2,2,0,12809,2,0,2,2,NOT_REPORTED,NOT_REPORTED
e2-e2-p2-b01-m01,E2-P2,e2_p2,measured,1,1,2,4,b165f632362c002733ee0ba5bf7ab3f613958eaab352c7a536a6666739929136,1f27fe0f82b2038519dcb4744803e59ae36e36615640b6fa4d8f8196a9e9f95a,270403272d736ae7aee2ceda3bf8d088b6ac0cb476bb99ce0218dd8f33c3c603,e7bd84005b304c5a10efcdb04914d1882b3cccf7,clang,22.1.8,7.2.3-arch1-2,x86_64,19,4,3,0,1,0,65874e63-ba23-4804-abd2-c6f593cf48a6,success,VERIFIED,COMPLIANT,True,831154,570,4,4,0,12989,4,0,4,4,NOT_REPORTED,NOT_REPORTED
e2-e2-p3-b01-m01,E2-P3,e2_p3,measured,1,1,3,8,0335d5d74c03039a42cf426b9e496e4d77dbc346006e9896cb9ec9af102544e4,00929a589a7abe3850d7cc63f4fceb697d272ca9e14d86b96044b85a114ef8af,270403272d736ae7aee2ceda3bf8d088b6ac0cb476bb99ce0218dd8f33c3c603,e7bd84005b304c5a10efcdb04914d1882b3cccf7,clang,22.1.8,7.2.3-arch1-2,x86_64,25,5,4,0,1,0,2255adb5-51c5-45f9-9a27-dcfbaedbfec3,success,VERIFIED,COMPLIANT,True,786201,508,8,8,0,13349,8,0,8,8,NOT_REPORTED,NOT_REPORTED
e2-e2-p4-b01-m01,E2-P4,e2_p4,measured,1,1,4,16,4716cfcbe8326c33710f5b9b758972f272ab04a1e143e07a41194c615a58e943,cac016e08e67dbc3874d9cbabf16fb282e82abc1d61c13e83c36e42d643b9b9f,270403272d736ae7aee2ceda3bf8d088b6ac0cb476bb99ce0218dd8f33c3c603,e7bd84005b304c5a10efcdb04914d1882b3cccf7,clang,22.1.8,7.2.3-arch1-2,x86_64,31,6,5,0,1,0,2d73cbdd-e1b7-4e3f-a7b9-0e1754543aa7,success,VERIFIED,COMPLIANT,True,848295,760,16,16,0,14069,16,0,16,16,NOT_REPORTED,NOT_REPORTED
e2-e2-p5-b01-m01,E2-P5,e2_p5,measured,1,1,5,32,556257151e0a526ae9901c970cd6a3f7eaf8ead83460058cb36855b61aa96556,6f268f443928590b41fc9e3fa71157f9f8ad0995b48f34f719f49179d7131113,270403272d736ae7aee2ceda3bf8d088b6ac0cb476bb99ce0218dd8f33c3c603,e7bd84005b304c5a10efcdb04914d1882b3cccf7,clang,22.1.8,7.2.3-arch1-2,x86_64,37,7,6,0,1,0,c5325dd9-643c-4dbf-8f0c-64d35b1e3562,success,VERIFIED,COMPLIANT,True,961650,675,32,32,0,15509,32,0,32,32,NOT_REPORTED,NOT_REPORTED
e2-e2-p6-b01-m01,E2-P6,e2_p6,measured,1,1,6,64,1a5d85c255421eff68e9c68e18208fc1e04cd2e526d491f22f38116d3b1e89e9,97d7c89c6532334405e452c9c787bf21e67bb014ee9ea8131793a0b5017fa700,270403272d736ae7aee2ceda3bf8d088b6ac0cb476bb99ce0218dd8f33c3c603,e7bd84005b304c5a10efcdb04914d1882b3cccf7,clang,22.1.8,7.2.3-arch1-2,x86_64,43,8,7,0,1,0,bca74d15-9cdf-4199-84a9-b4133857f928,success,VERIFIED,COMPLIANT,True,1231160,696,64,64,0,18389,64,0,64,64,NOT_REPORTED,NOT_REPORTED
e2-e2-p0-b02-m02,E2-P0,e2_p0,measured,2,2,0,1,a9a61038d06eec2e772a5f99b56f745bb2d912477279b3c56f7566776e74e5f6,a74538bd85bf8a8787a4ff2ca7e214f12cc3c9f3d485ac671b4442b0b1f254c4,270403272d736ae7aee2ceda3bf8d088b6ac0cb476bb99ce0218dd8f33c3c603,e7bd84005b304c5a10efcdb04914d1882b3cccf7,clang,22.1.8,7.2.3-arch1-2,x86_64,7,2,1,0,1,0,d79882be-f6d5-48c8-a4ca-32a22eb91894,success,VERIFIED,COMPLIANT,True,743748,547,1,1,0,12720,1,0,1,1,NOT_REPORTED,NOT_REPORTED
e2-e2-p1-b02-m02,E2-P1,e2_p1,measured,2,2,1,2,42fc30b23b3bde2b8d8def09e272614e5395ae06089e2a76d3c71454b054fe45,ddf1f85f096ad8a5e0def6acf68a46423a55ad26b3672b42e213749175de6acd,270403272d736ae7aee2ceda3bf8d088b6ac0cb476bb99ce0218dd8f33c3c603,e7bd84005b304c5a10efcdb04914d1882b3cccf7,clang,22.1.8,7.2.3-arch1-2,x86_64,13,3,2,0,1,0,3223965c-ecbd-4763-9acd-cbf361a5fb6a,success,VERIFIED,COMPLIANT,True,761273,540,2,2,0,12809,2,0,2,2,NOT_REPORTED,NOT_REPORTED
e2-e2-p2-b02-m02,E2-P2,e2_p2,measured,2,2,2,4,b165f632362c002733ee0ba5bf7ab3f613958eaab352c7a536a6666739929136,1f27fe0f82b2038519dcb4744803e59ae36e36615640b6fa4d8f8196a9e9f95a,270403272d736ae7aee2ceda3bf8d088b6ac0cb476bb99ce0218dd8f33c3c603,e7bd84005b304c5a10efcdb04914d1882b3cccf7,clang,22.1.8,7.2.3-arch1-2,x86_64,19,4,3,0,1,0,ffe1c13c-71de-47f6-817d-93d1e0b7b63c,success,VERIFIED,COMPLIANT,True,770603,439,4,4,0,12989,4,0,4,4,NOT_REPORTED,NOT_REPORTED
e2-e2-p3-b02-m02,E2-P3,e2_p3,measured,2,2,3,8,0335d5d74c03039a42cf426b9e496e4d77dbc346006e9896cb9ec9af102544e4,00929a589a7abe3850d7cc63f4fceb697d272ca9e14d86b96044b85a114ef8af,270403272d736ae7aee2ceda3bf8d088b6ac0cb476bb99ce0218dd8f33c3c603,e7bd84005b304c5a10efcdb04914d1882b3cccf7,clang,22.1.8,7.2.3-arch1-2,x86_64,25,5,4,0,1,0,05cf1be0-d377-4b06-9b74-6173a375b0d5,success,VERIFIED,COMPLIANT,True,778595,476,8,8,0,13349,8,0,8,8,NOT_REPORTED,NOT_REPORTED
e2-e2-p4-b02-m02,E2-P4,e2_p4,measured,2,2,4,16,4716cfcbe8326c33710f5b9b758972f272ab04a1e143e07a41194c615a58e943,cac016e08e67dbc3874d9cbabf16fb282e82abc1d61c13e83c36e42d643b9b9f,270403272d736ae7aee2ceda3bf8d088b6ac0cb476bb99ce0218dd8f33c3c603,e7bd84005b304c5a10efcdb04914d1882b3cccf7,clang,22.1.8,7.2.3-arch1-2,x86_64,31,6,5,0,1,0,f17a1c36-6bf0-477e-b8c6-bde8e6b9c0ab,success,VERIFIED,COMPLIANT,True,842358,498,16,16,0,14069,16,0,16,16,NOT_REPORTED,NOT_REPORTED
e2-e2-p5-b02-m02,E2-P5,e2_p5,measured,2,2,5,32,556257151e0a526ae9901c970cd6a3f7eaf8ead83460058cb36855b61aa96556,6f268f443928590b41fc9e3fa71157f9f8ad0995b48f34f719f49179d7131113,270403272d736ae7aee2ceda3bf8d088b6ac0cb476bb99ce0218dd8f33c3c603,e7bd84005b304c5a10efcdb04914d1882b3cccf7,clang,22.1.8,7.2.3-arch1-2,x86_64,37,7,6,0,1,0,3b6edb58-1bea-4392-855c-45912976d0d2,success,VERIFIED,COMPLIANT,True,973444,510,32,32,0,15509,32,0,32,32,NOT_REPORTED,NOT_REPORTED
e2-e2-p6-b02-m02,E2-P6,e2_p6,measured,2,2,6,64,1a5d85c255421eff68e9c68e18208fc1e04cd2e526d491f22f38116d3b1e89e9,97d7c89c6532334405e452c9c787bf21e67bb014ee9ea8131793a0b5017fa700,270403272d736ae7aee2ceda3bf8d088b6ac0cb476bb99ce0218dd8f33c3c603,e7bd84005b304c5a10efcdb04914d1882b3cccf7,clang,22.1.8,7.2.3-arch1-2,x86_64,43,8,7,0,1,0,ab218dba-a1ad-4e5e-81b1-83e663e0322d,success,VERIFIED,COMPLIANT,True,1334888,622,64,64,0,18389,64,0,64,64,NOT_REPORTED,NOT_REPORTED
e2-e2-p0-b03-m03,E2-P0,e2_p0,measured,3,3,0,1,a9a61038d06eec2e772a5f99b56f745bb2d912477279b3c56f7566776e74e5f6,a74538bd85bf8a8787a4ff2ca7e214f12cc3c9f3d485ac671b4442b0b1f254c4,270403272d736ae7aee2ceda3bf8d088b6ac0cb476bb99ce0218dd8f33c3c603,e7bd84005b304c5a10efcdb04914d1882b3cccf7,clang,22.1.8,7.2.3-arch1-2,x86_64,7,2,1,0,1,0,58ae3020-3730-403d-b5dd-892536e848b4,success,VERIFIED,COMPLIANT,True,833282,518,1,1,0,12720,1,0,1,1,NOT_REPORTED,NOT_REPORTED
e2-e2-p1-b03-m03,E2-P1,e2_p1,measured,3,3,1,2,42fc30b23b3bde2b8d8def09e272614e5395ae06089e2a76d3c71454b054fe45,ddf1f85f096ad8a5e0def6acf68a46423a55ad26b3672b42e213749175de6acd,270403272d736ae7aee2ceda3bf8d088b6ac0cb476bb99ce0218dd8f33c3c603,e7bd84005b304c5a10efcdb04914d1882b3cccf7,clang,22.1.8,7.2.3-arch1-2,x86_64,13,3,2,0,1,0,cdf1f727-bce6-4a0e-8001-1026a3ac3774,success,VERIFIED,COMPLIANT,True,749932,707,2,2,0,12809,2,0,2,2,NOT_REPORTED,NOT_REPORTED
e2-e2-p2-b03-m03,E2-P2,e2_p2,measured,3,3,2,4,b165f632362c002733ee0ba5bf7ab3f613958eaab352c7a536a6666739929136,1f27fe0f82b2038519dcb4744803e59ae36e36615640b6fa4d8f8196a9e9f95a,270403272d736ae7aee2ceda3bf8d088b6ac0cb476bb99ce0218dd8f33c3c603,e7bd84005b304c5a10efcdb04914d1882b3cccf7,clang,22.1.8,7.2.3-arch1-2,x86_64,19,4,3,0,1,0,a262841b-2f74-4305-b33e-79f75a7153a0,success,VERIFIED,COMPLIANT,True,749022,670,4,4,0,12989,4,0,4,4,NOT_REPORTED,NOT_REPORTED
e2-e2-p3-b03-m03,E2-P3,e2_p3,measured,3,3,3,8,0335d5d74c03039a42cf426b9e496e4d77dbc346006e9896cb9ec9af102544e4,00929a589a7abe3850d7cc63f4fceb697d272ca9e14d86b96044b85a114ef8af,270403272d736ae7aee2ceda3bf8d088b6ac0cb476bb99ce0218dd8f33c3c603,e7bd84005b304c5a10efcdb04914d1882b3cccf7,clang,22.1.8,7.2.3-arch1-2,x86_64,25,5,4,0,1,0,54b4d0d7-670c-47fa-9ff9-d288785e8134,success,VERIFIED,COMPLIANT,True,799314,426,8,8,0,13349,8,0,8,8,NOT_REPORTED,NOT_REPORTED
e2-e2-p4-b03-m03,E2-P4,e2_p4,measured,3,3,4,16,4716cfcbe8326c33710f5b9b758972f272ab04a1e143e07a41194c615a58e943,cac016e08e67dbc3874d9cbabf16fb282e82abc1d61c13e83c36e42d643b9b9f,270403272d736ae7aee2ceda3bf8d088b6ac0cb476bb99ce0218dd8f33c3c603,e7bd84005b304c5a10efcdb04914d1882b3cccf7,clang,22.1.8,7.2.3-arch1-2,x86_64,31,6,5,0,1,0,301d9a87-e10e-4b2f-b4fe-903095af233c,success,VERIFIED,COMPLIANT,True,853022,445,16,16,0,14069,16,0,16,16,NOT_REPORTED,NOT_REPORTED
e2-e2-p5-b03-m03,E2-P5,e2_p5,measured,3,3,5,32,556257151e0a526ae9901c970cd6a3f7eaf8ead83460058cb36855b61aa96556,6f268f443928590b41fc9e3fa71157f9f8ad0995b48f34f719f49179d7131113,270403272d736ae7aee2ceda3bf8d088b6ac0cb476bb99ce0218dd8f33c3c603,e7bd84005b304c5a10efcdb04914d1882b3cccf7,clang,22.1.8,7.2.3-arch1-2,x86_64,37,7,6,0,1,0,ec9d3a3a-9863-42d7-948b-d7da16448379,success,VERIFIED,COMPLIANT,True,980751,493,32,32,0,15509,32,0,32,32,NOT_REPORTED,NOT_REPORTED
e2-e2-p6-b03-m03,E2-P6,e2_p6,measured,3,3,6,64,1a5d85c255421eff68e9c68e18208fc1e04cd2e526d491f22f38116d3b1e89e9,97d7c89c6532334405e452c9c787bf21e67bb014ee9ea8131793a0b5017fa700,270403272d736ae7aee2ceda3bf8d088b6ac0cb476bb99ce0218dd8f33c3c603,e7bd84005b304c5a10efcdb04914d1882b3cccf7,clang,22.1.8,7.2.3-arch1-2,x86_64,43,8,7,0,1,0,97c50384-2155-488e-b3df-72fa1b5ad321,success,VERIFIED,COMPLIANT,True,1224773,635,64,64,0,18389,64,0,64,64,NOT_REPORTED,NOT_REPORTED
e2-e2-p0-b04-m04,E2-P0,e2_p0,measured,4,4,0,1,a9a61038d06eec2e772a5f99b56f745bb2d912477279b3c56f7566776e74e5f6,a74538bd85bf8a8787a4ff2ca7e214f12cc3c9f3d485ac671b4442b0b1f254c4,270403272d736ae7aee2ceda3bf8d088b6ac0cb476bb99ce0218dd8f33c3c603,e7bd84005b304c5a10efcdb04914d1882b3cccf7,clang,22.1.8,7.2.3-arch1-2,x86_64,7,2,1,0,1,0,e1ac7a5e-3587-4a2b-a702-08929d921834,success,VERIFIED,COMPLIANT,True,755703,470,1,1,0,12720,1,0,1,1,NOT_REPORTED,NOT_REPORTED
e2-e2-p1-b04-m04,E2-P1,e2_p1,measured,4,4,1,2,42fc30b23b3bde2b8d8def09e272614e5395ae06089e2a76d3c71454b054fe45,ddf1f85f096ad8a5e0def6acf68a46423a55ad26b3672b42e213749175de6acd,270403272d736ae7aee2ceda3bf8d088b6ac0cb476bb99ce0218dd8f33c3c603,e7bd84005b304c5a10efcdb04914d1882b3cccf7,clang,22.1.8,7.2.3-arch1-2,x86_64,13,3,2,0,1,0,55a6985c-9248-421d-a551-01e94070e411,success,VERIFIED,COMPLIANT,True,748185,532,2,2,0,12809,2,0,2,2,NOT_REPORTED,NOT_REPORTED
e2-e2-p2-b04-m04,E2-P2,e2_p2,measured,4,4,2,4,b165f632362c002733ee0ba5bf7ab3f613958eaab352c7a536a6666739929136,1f27fe0f82b2038519dcb4744803e59ae36e36615640b6fa4d8f8196a9e9f95a,270403272d736ae7aee2ceda3bf8d088b6ac0cb476bb99ce0218dd8f33c3c603,e7bd84005b304c5a10efcdb04914d1882b3cccf7,clang,22.1.8,7.2.3-arch1-2,x86_64,19,4,3,0,1,0,8fc33b6e-20f8-4b42-b983-2025a080a1d2,success,VERIFIED,COMPLIANT,True,756704,591,4,4,0,12989,4,0,4,4,NOT_REPORTED,NOT_REPORTED
e2-e2-p3-b04-m04,E2-P3,e2_p3,measured,4,4,3,8,0335d5d74c03039a42cf426b9e496e4d77dbc346006e9896cb9ec9af102544e4,00929a589a7abe3850d7cc63f4fceb697d272ca9e14d86b96044b85a114ef8af,270403272d736ae7aee2ceda3bf8d088b6ac0cb476bb99ce0218dd8f33c3c603,e7bd84005b304c5a10efcdb04914d1882b3cccf7,clang,22.1.8,7.2.3-arch1-2,x86_64,25,5,4,0,1,0,5333056a-eec1-4866-95ac-f70baca1c114,success,VERIFIED,COMPLIANT,True,795147,462,8,8,0,13349,8,0,8,8,NOT_REPORTED,NOT_REPORTED
e2-e2-p4-b04-m04,E2-P4,e2_p4,measured,4,4,4,16,4716cfcbe8326c33710f5b9b758972f272ab04a1e143e07a41194c615a58e943,cac016e08e67dbc3874d9cbabf16fb282e82abc1d61c13e83c36e42d643b9b9f,270403272d736ae7aee2ceda3bf8d088b6ac0cb476bb99ce0218dd8f33c3c603,e7bd84005b304c5a10efcdb04914d1882b3cccf7,clang,22.1.8,7.2.3-arch1-2,x86_64,31,6,5,0,1,0,ffdaa91b-e35d-4aa1-b91b-684dc36d351e,success,VERIFIED,COMPLIANT,True,855317,428,16,16,0,14069,16,0,16,16,NOT_REPORTED,NOT_REPORTED
e2-e2-p5-b04-m04,E2-P5,e2_p5,measured,4,4,5,32,556257151e0a526ae9901c970cd6a3f7eaf8ead83460058cb36855b61aa96556,6f268f443928590b41fc9e3fa71157f9f8ad0995b48f34f719f49179d7131113,270403272d736ae7aee2ceda3bf8d088b6ac0cb476bb99ce0218dd8f33c3c603,e7bd84005b304c5a10efcdb04914d1882b3cccf7,clang,22.1.8,7.2.3-arch1-2,x86_64,37,7,6,0,1,0,3a3da08a-babe-4ff0-8d16-a5f850de3c4e,success,VERIFIED,COMPLIANT,True,962426,502,32,32,0,15509,32,0,32,32,NOT_REPORTED,NOT_REPORTED
e2-e2-p6-b04-m04,E2-P6,e2_p6,measured,4,4,6,64,1a5d85c255421eff68e9c68e18208fc1e04cd2e526d491f22f38116d3b1e89e9,97d7c89c6532334405e452c9c787bf21e67bb014ee9ea8131793a0b5017fa700,270403272d736ae7aee2ceda3bf8d088b6ac0cb476bb99ce0218dd8f33c3c603,e7bd84005b304c5a10efcdb04914d1882b3cccf7,clang,22.1.8,7.2.3-arch1-2,x86_64,43,8,7,0,1,0,315af8b1-3c3a-47b8-93f1-4f0e3fe12a81,success,VERIFIED,COMPLIANT,True,1325641,531,64,64,0,18389,64,0,64,64,NOT_REPORTED,NOT_REPORTED
e2-e2-p0-b05-m05,E2-P0,e2_p0,measured,5,5,0,1,a9a61038d06eec2e772a5f99b56f745bb2d912477279b3c56f7566776e74e5f6,a74538bd85bf8a8787a4ff2ca7e214f12cc3c9f3d485ac671b4442b0b1f254c4,270403272d736ae7aee2ceda3bf8d088b6ac0cb476bb99ce0218dd8f33c3c603,e7bd84005b304c5a10efcdb04914d1882b3cccf7,clang,22.1.8,7.2.3-arch1-2,x86_64,7,2,1,0,1,0,4ab01c46-ee07-46bb-b30f-0438356e95fc,success,VERIFIED,COMPLIANT,True,746138,531,1,1,0,12720,1,0,1,1,NOT_REPORTED,NOT_REPORTED
e2-e2-p1-b05-m05,E2-P1,e2_p1,measured,5,5,1,2,42fc30b23b3bde2b8d8def09e272614e5395ae06089e2a76d3c71454b054fe45,ddf1f85f096ad8a5e0def6acf68a46423a55ad26b3672b42e213749175de6acd,270403272d736ae7aee2ceda3bf8d088b6ac0cb476bb99ce0218dd8f33c3c603,e7bd84005b304c5a10efcdb04914d1882b3cccf7,clang,22.1.8,7.2.3-arch1-2,x86_64,13,3,2,0,1,0,05f660e2-79eb-4a53-a797-008d213a5269,success,VERIFIED,COMPLIANT,True,721320,601,2,2,0,12809,2,0,2,2,NOT_REPORTED,NOT_REPORTED
e2-e2-p2-b05-m05,E2-P2,e2_p2,measured,5,5,2,4,b165f632362c002733ee0ba5bf7ab3f613958eaab352c7a536a6666739929136,1f27fe0f82b2038519dcb4744803e59ae36e36615640b6fa4d8f8196a9e9f95a,270403272d736ae7aee2ceda3bf8d088b6ac0cb476bb99ce0218dd8f33c3c603,e7bd84005b304c5a10efcdb04914d1882b3cccf7,clang,22.1.8,7.2.3-arch1-2,x86_64,19,4,3,0,1,0,061a5f7d-9595-4bba-be88-785801d0f905,success,VERIFIED,COMPLIANT,True,762771,644,4,4,0,12989,4,0,4,4,NOT_REPORTED,NOT_REPORTED
e2-e2-p3-b05-m05,E2-P3,e2_p3,measured,5,5,3,8,0335d5d74c03039a42cf426b9e496e4d77dbc346006e9896cb9ec9af102544e4,00929a589a7abe3850d7cc63f4fceb697d272ca9e14d86b96044b85a114ef8af,270403272d736ae7aee2ceda3bf8d088b6ac0cb476bb99ce0218dd8f33c3c603,e7bd84005b304c5a10efcdb04914d1882b3cccf7,clang,22.1.8,7.2.3-arch1-2,x86_64,25,5,4,0,1,0,50c2fb45-00a1-49e2-8363-bd25bf9bb081,success,VERIFIED,COMPLIANT,True,772990,583,8,8,0,13349,8,0,8,8,NOT_REPORTED,NOT_REPORTED
e2-e2-p4-b05-m05,E2-P4,e2_p4,measured,5,5,4,16,4716cfcbe8326c33710f5b9b758972f272ab04a1e143e07a41194c615a58e943,cac016e08e67dbc3874d9cbabf16fb282e82abc1d61c13e83c36e42d643b9b9f,270403272d736ae7aee2ceda3bf8d088b6ac0cb476bb99ce0218dd8f33c3c603,e7bd84005b304c5a10efcdb04914d1882b3cccf7,clang,22.1.8,7.2.3-arch1-2,x86_64,31,6,5,0,1,0,b2f01a44-5826-487d-a24f-3610a0908d1f,success,VERIFIED,COMPLIANT,True,869182,591,16,16,0,14069,16,0,16,16,NOT_REPORTED,NOT_REPORTED
e2-e2-p5-b05-m05,E2-P5,e2_p5,measured,5,5,5,32,556257151e0a526ae9901c970cd6a3f7eaf8ead83460058cb36855b61aa96556,6f268f443928590b41fc9e3fa71157f9f8ad0995b48f34f719f49179d7131113,270403272d736ae7aee2ceda3bf8d088b6ac0cb476bb99ce0218dd8f33c3c603,e7bd84005b304c5a10efcdb04914d1882b3cccf7,clang,22.1.8,7.2.3-arch1-2,x86_64,37,7,6,0,1,0,15b53c2b-faeb-4ddb-b0aa-7118dd316c2a,success,VERIFIED,COMPLIANT,True,974557,521,32,32,0,15509,32,0,32,32,NOT_REPORTED,NOT_REPORTED
e2-e2-p6-b05-m05,E2-P6,e2_p6,measured,5,5,6,64,1a5d85c255421eff68e9c68e18208fc1e04cd2e526d491f22f38116d3b1e89e9,97d7c89c6532334405e452c9c787bf21e67bb014ee9ea8131793a0b5017fa700,270403272d736ae7aee2ceda3bf8d088b6ac0cb476bb99ce0218dd8f33c3c603,e7bd84005b304c5a10efcdb04914d1882b3cccf7,clang,22.1.8,7.2.3-arch1-2,x86_64,43,8,7,0,1,0,83a2c784-d00b-41bd-a69c-8a3a3918bd20,success,VERIFIED,COMPLIANT,True,1217696,835,64,64,0,18389,64,0,64,64,NOT_REPORTED,NOT_REPORTED
e2-e2-p0-b06-m06,E2-P0,e2_p0,measured,6,6,0,1,a9a61038d06eec2e772a5f99b56f745bb2d912477279b3c56f7566776e74e5f6,a74538bd85bf8a8787a4ff2ca7e214f12cc3c9f3d485ac671b4442b0b1f254c4,270403272d736ae7aee2ceda3bf8d088b6ac0cb476bb99ce0218dd8f33c3c603,e7bd84005b304c5a10efcdb04914d1882b3cccf7,clang,22.1.8,7.2.3-arch1-2,x86_64,7,2,1,0,1,0,171974b2-076c-4ac3-91ea-363ebeb9fdba,success,VERIFIED,COMPLIANT,True,742503,500,1,1,0,12720,1,0,1,1,NOT_REPORTED,NOT_REPORTED
e2-e2-p1-b06-m06,E2-P1,e2_p1,measured,6,6,1,2,42fc30b23b3bde2b8d8def09e272614e5395ae06089e2a76d3c71454b054fe45,ddf1f85f096ad8a5e0def6acf68a46423a55ad26b3672b42e213749175de6acd,270403272d736ae7aee2ceda3bf8d088b6ac0cb476bb99ce0218dd8f33c3c603,e7bd84005b304c5a10efcdb04914d1882b3cccf7,clang,22.1.8,7.2.3-arch1-2,x86_64,13,3,2,0,1,0,09a0cbe0-bd64-4d38-a689-bc3587cffea2,success,VERIFIED,COMPLIANT,True,753845,429,2,2,0,12809,2,0,2,2,NOT_REPORTED,NOT_REPORTED
e2-e2-p2-b06-m06,E2-P2,e2_p2,measured,6,6,2,4,b165f632362c002733ee0ba5bf7ab3f613958eaab352c7a536a6666739929136,1f27fe0f82b2038519dcb4744803e59ae36e36615640b6fa4d8f8196a9e9f95a,270403272d736ae7aee2ceda3bf8d088b6ac0cb476bb99ce0218dd8f33c3c603,e7bd84005b304c5a10efcdb04914d1882b3cccf7,clang,22.1.8,7.2.3-arch1-2,x86_64,19,4,3,0,1,0,354973ed-90e5-43af-993d-fd19db9579bf,success,VERIFIED,COMPLIANT,True,775632,443,4,4,0,12989,4,0,4,4,NOT_REPORTED,NOT_REPORTED
e2-e2-p3-b06-m06,E2-P3,e2_p3,measured,6,6,3,8,0335d5d74c03039a42cf426b9e496e4d77dbc346006e9896cb9ec9af102544e4,00929a589a7abe3850d7cc63f4fceb697d272ca9e14d86b96044b85a114ef8af,270403272d736ae7aee2ceda3bf8d088b6ac0cb476bb99ce0218dd8f33c3c603,e7bd84005b304c5a10efcdb04914d1882b3cccf7,clang,22.1.8,7.2.3-arch1-2,x86_64,25,5,4,0,1,0,4ecf1bde-7deb-4418-8b17-763845bfe3f1,success,VERIFIED,COMPLIANT,True,789880,613,8,8,0,13349,8,0,8,8,NOT_REPORTED,NOT_REPORTED
e2-e2-p4-b06-m06,E2-P4,e2_p4,measured,6,6,4,16,4716cfcbe8326c33710f5b9b758972f272ab04a1e143e07a41194c615a58e943,cac016e08e67dbc3874d9cbabf16fb282e82abc1d61c13e83c36e42d643b9b9f,270403272d736ae7aee2ceda3bf8d088b6ac0cb476bb99ce0218dd8f33c3c603,e7bd84005b304c5a10efcdb04914d1882b3cccf7,clang,22.1.8,7.2.3-arch1-2,x86_64,31,6,5,0,1,0,c88afcd5-ebe9-4a38-810a-962d34d7f9a0,success,VERIFIED,COMPLIANT,True,870635,507,16,16,0,14069,16,0,16,16,NOT_REPORTED,NOT_REPORTED
e2-e2-p5-b06-m06,E2-P5,e2_p5,measured,6,6,5,32,556257151e0a526ae9901c970cd6a3f7eaf8ead83460058cb36855b61aa96556,6f268f443928590b41fc9e3fa71157f9f8ad0995b48f34f719f49179d7131113,270403272d736ae7aee2ceda3bf8d088b6ac0cb476bb99ce0218dd8f33c3c603,e7bd84005b304c5a10efcdb04914d1882b3cccf7,clang,22.1.8,7.2.3-arch1-2,x86_64,37,7,6,0,1,0,efa9454a-190e-4285-83f3-b6de75710b22,success,VERIFIED,COMPLIANT,True,981925,681,32,32,0,15509,32,0,32,32,NOT_REPORTED,NOT_REPORTED
e2-e2-p6-b06-m06,E2-P6,e2_p6,measured,6,6,6,64,1a5d85c255421eff68e9c68e18208fc1e04cd2e526d491f22f38116d3b1e89e9,97d7c89c6532334405e452c9c787bf21e67bb014ee9ea8131793a0b5017fa700,270403272d736ae7aee2ceda3bf8d088b6ac0cb476bb99ce0218dd8f33c3c603,e7bd84005b304c5a10efcdb04914d1882b3cccf7,clang,22.1.8,7.2.3-arch1-2,x86_64,43,8,7,0,1,0,8987d5ba-cdea-45a4-80b4-048831b513a8,success,VERIFIED,COMPLIANT,True,1320249,658,64,64,0,18389,64,0,64,64,NOT_REPORTED,NOT_REPORTED
e2-e2-p0-b07-m07,E2-P0,e2_p0,measured,7,7,0,1,a9a61038d06eec2e772a5f99b56f745bb2d912477279b3c56f7566776e74e5f6,a74538bd85bf8a8787a4ff2ca7e214f12cc3c9f3d485ac671b4442b0b1f254c4,270403272d736ae7aee2ceda3bf8d088b6ac0cb476bb99ce0218dd8f33c3c603,e7bd84005b304c5a10efcdb04914d1882b3cccf7,clang,22.1.8,7.2.3-arch1-2,x86_64,7,2,1,0,1,0,ea4e53f6-a771-400d-a643-c2bf5adf3a06,success,VERIFIED,COMPLIANT,True,728682,488,1,1,0,12720,1,0,1,1,NOT_REPORTED,NOT_REPORTED
e2-e2-p1-b07-m07,E2-P1,e2_p1,measured,7,7,1,2,42fc30b23b3bde2b8d8def09e272614e5395ae06089e2a76d3c71454b054fe45,ddf1f85f096ad8a5e0def6acf68a46423a55ad26b3672b42e213749175de6acd,270403272d736ae7aee2ceda3bf8d088b6ac0cb476bb99ce0218dd8f33c3c603,e7bd84005b304c5a10efcdb04914d1882b3cccf7,clang,22.1.8,7.2.3-arch1-2,x86_64,13,3,2,0,1,0,20defa49-834c-4148-8a99-76b3d14845e9,success,VERIFIED,COMPLIANT,True,749914,435,2,2,0,12809,2,0,2,2,NOT_REPORTED,NOT_REPORTED
e2-e2-p2-b07-m07,E2-P2,e2_p2,measured,7,7,2,4,b165f632362c002733ee0ba5bf7ab3f613958eaab352c7a536a6666739929136,1f27fe0f82b2038519dcb4744803e59ae36e36615640b6fa4d8f8196a9e9f95a,270403272d736ae7aee2ceda3bf8d088b6ac0cb476bb99ce0218dd8f33c3c603,e7bd84005b304c5a10efcdb04914d1882b3cccf7,clang,22.1.8,7.2.3-arch1-2,x86_64,19,4,3,0,1,0,46d7ae64-74a4-4555-b5ae-6b4c56f9f78e,success,VERIFIED,COMPLIANT,True,745648,435,4,4,0,12989,4,0,4,4,NOT_REPORTED,NOT_REPORTED
e2-e2-p3-b07-m07,E2-P3,e2_p3,measured,7,7,3,8,0335d5d74c03039a42cf426b9e496e4d77dbc346006e9896cb9ec9af102544e4,00929a589a7abe3850d7cc63f4fceb697d272ca9e14d86b96044b85a114ef8af,270403272d736ae7aee2ceda3bf8d088b6ac0cb476bb99ce0218dd8f33c3c603,e7bd84005b304c5a10efcdb04914d1882b3cccf7,clang,22.1.8,7.2.3-arch1-2,x86_64,25,5,4,0,1,0,0dc6204e-bfdc-4b19-934d-ea13f7209fed,success,VERIFIED,COMPLIANT,True,802174,456,8,8,0,13349,8,0,8,8,NOT_REPORTED,NOT_REPORTED
e2-e2-p4-b07-m07,E2-P4,e2_p4,measured,7,7,4,16,4716cfcbe8326c33710f5b9b758972f272ab04a1e143e07a41194c615a58e943,cac016e08e67dbc3874d9cbabf16fb282e82abc1d61c13e83c36e42d643b9b9f,270403272d736ae7aee2ceda3bf8d088b6ac0cb476bb99ce0218dd8f33c3c603,e7bd84005b304c5a10efcdb04914d1882b3cccf7,clang,22.1.8,7.2.3-arch1-2,x86_64,31,6,5,0,1,0,a5a9992f-6b5e-4147-bd04-30e7dc4cf326,success,VERIFIED,COMPLIANT,True,844724,578,16,16,0,14069,16,0,16,16,NOT_REPORTED,NOT_REPORTED
e2-e2-p5-b07-m07,E2-P5,e2_p5,measured,7,7,5,32,556257151e0a526ae9901c970cd6a3f7eaf8ead83460058cb36855b61aa96556,6f268f443928590b41fc9e3fa71157f9f8ad0995b48f34f719f49179d7131113,270403272d736ae7aee2ceda3bf8d088b6ac0cb476bb99ce0218dd8f33c3c603,e7bd84005b304c5a10efcdb04914d1882b3cccf7,clang,22.1.8,7.2.3-arch1-2,x86_64,37,7,6,0,1,0,d11b6287-6da9-413f-95cb-0c2bd053de3f,success,VERIFIED,COMPLIANT,True,972421,458,32,32,0,15509,32,0,32,32,NOT_REPORTED,NOT_REPORTED
e2-e2-p6-b07-m07,E2-P6,e2_p6,measured,7,7,6,64,1a5d85c255421eff68e9c68e18208fc1e04cd2e526d491f22f38116d3b1e89e9,97d7c89c6532334405e452c9c787bf21e67bb014ee9ea8131793a0b5017fa700,270403272d736ae7aee2ceda3bf8d088b6ac0cb476bb99ce0218dd8f33c3c603,e7bd84005b304c5a10efcdb04914d1882b3cccf7,clang,22.1.8,7.2.3-arch1-2,x86_64,43,8,7,0,1,0,02585f58-cb61-4130-b7cf-11e7b36c4262,success,VERIFIED,COMPLIANT,True,1213620,610,64,64,0,18389,64,0,64,64,NOT_REPORTED,NOT_REPORTED
